timestamp,value,is_anomaly
0,12751.0,0
1,8767.0,0
2,7005.0,0
3,5257.0,0
4,4189.0,0
5,3236.0,0
6,2817.0,0
7,2527.0,0
8,2406.0,0
9,1961.0,0
10,2478.0,0
11,4483.0,0
12,7002.0,0
13,11917.0,0
14,15929.0,0
15,20327.0,0
16,20974.0,0
17,20999.0,0
18,19639.0,0
19,19221.0,0
20,17308.0,0
21,17140.0,0
22,16773.0,0
23,19397.0,0
24,18697.0,0
25,18042.0,0
26,17332.0,0
27,17585.0,0
28,18263.0,0
29,18842.0,0
30,18583.0,0
31,17301.0,0
32,15060.0,0
33,14201.0,0
34,16655.0,0
35,19964.0,0
36,22960.0,0
37,23759.0,0
38,25024.0,0
39,25414.0,0
40,24917.0,0
41,24348.0,0
42,24248.0,0
43,24669.0,0
44,23132.0,0
45,22753.0,0
46,20371.0,0
47,17313.0,0
48,13534.0,0
49,10485.0,0
50,7944.0,0
51,6030.0,0
52,4867.0,0
53,3812.0,0
54,3251.0,0
55,2738.0,0
56,2755.0,0
57,2221.0,0
58,2363.0,0
59,4351.0,0
60,6835.0,0
61,11982.0,0
62,15844.0,0
63,19853.0,0
64,20187.0,0
65,20480.0,0
66,19531.0,0
67,18873.0,0
68,17534.0,0
69,17803.0,0
70,16994.0,0
71,18149.0,0
72,18251.0,0
73,17723.0,0
74,17104.0,0
75,18124.0,0
76,18680.0,0
77,19364.0,0
78,19044.0,0
79,16883.0,0
80,14389.0,0
81,13866.0,0
82,17005.0,0
83,20674.0,0
84,22678.0,0
85,23225.0,0
86,25012.0,0
87,25574.0,0
88,25301.0,0
89,25391.0,0
90,25520.0,0
91,25582.0,0
92,24848.0,0
93,24100.0,0
94,23336.0,0
95,21549.0,0
96,18003.0,0
97,15266.0,0
98,12130.0,0
99,9847.0,0
100,8022.0,0
101,6508.0,0
102,5309.0,0
103,4339.0,0
104,4202.0,0
105,3358.0,0
106,3083.0,0
107,4391.0,0
108,6769.0,0
109,11309.0,0
110,14866.0,0
111,18942.0,0
112,19693.0,0
113,19776.0,0
114,19309.0,0
115,18801.0,0
116,17108.0,0
117,16952.0,0
118,17108.0,0
119,17927.0,0
120,18426.0,0
121,17340.0,0
122,17150.0,0
123,17581.0,0
124,18924.0,0
125,19602.0,0
126,18893.0,0
127,16691.0,0
128,15332.0,0
129,14661.0,0
130,18110.0,0
131,22624.0,0
132,25209.0,0
133,24975.0,0
134,26477.0,0
135,27165.0,0
136,25960.0,0
137,25435.0,0
138,24847.0,0
139,25174.0,0
140,25419.0,0
141,25904.0,0
142,24543.0,0
143,24513.0,0
144,23316.0,0
145,22311.0,0
146,20470.0,0
147,18629.0,0
148,17120.0,0
149,15544.0,0
150,14012.0,0
151,11425.0,0
152,9541.0,0
153,5912.0,0
154,3832.0,0
155,3230.0,0
156,3425.0,0
157,4159.0,0
158,4720.0,0
159,5848.0,0
160,6901.0,0
161,9611.0,0
162,11626.0,0
163,14814.0,0
164,16839.0,0
165,18245.0,0
166,18230.0,0
167,18322.0,0
168,18541.0,0
169,18062.0,0
170,18008.0,0
171,18784.0,0
172,17708.0,0
173,17998.0,0
174,18033.0,0
175,17851.0,0
176,17046.0,0
177,17241.0,0
178,19295.0,0
179,21740.0,0
180,22729.0,0
181,23854.0,0
182,25857.0,0
183,26490.0,0
184,24115.0,0
185,23384.0,0
186,23515.0,0
187,24476.0,0
188,24455.0,0
189,25474.0,0
190,25811.0,0
191,25847.0,0
192,25224.0,0
193,23248.0,0
194,22772.0,0
195,20671.0,0
196,19208.0,0
197,17300.0,0
198,15260.0,0
199,12970.0,0
200,11168.0,0
201,6678.0,0
202,4321.0,0
203,3259.0,0
204,3277.0,0
205,4072.0,0
206,4566.0,0
207,5973.0,0
208,7209.0,0
209,8999.0,0
210,10669.0,0
211,12678.0,0
212,14511.0,0
213,16953.0,0
214,17817.0,0
215,18894.0,0
216,18505.0,0
217,19227.0,0
218,18361.0,0
219,18014.0,0
220,17486.0,0
221,17816.0,0
222,17364.0,0
223,16871.0,0
224,15497.0,0
225,15185.0,0
226,16114.0,0
227,18312.0,0
228,19793.0,0
229,19706.0,0
230,20198.0,0
231,19790.0,0
232,18192.0,0
233,17701.0,0
234,16484.0,0
235,16626.0,0
236,14889.0,0
237,14114.0,0
238,11870.0,0
239,10041.0,0
240,7997.0,0
241,5689.0,0
242,4351.0,0
243,3348.0,0
244,2809.0,0
245,2193.0,0
246,1752.0,0
247,1731.0,0
248,1994.0,0
249,2178.0,0
250,2787.0,0
251,4578.0,0
252,6816.0,0
253,11243.0,0
254,14265.0,0
255,17395.0,0
256,18327.0,0
257,17729.0,0
258,17870.0,0
259,16982.0,0
260,15335.0,0
261,15998.0,0
262,15414.0,0
263,16233.0,0
264,16499.0,0
265,16380.0,0
266,15414.0,0
267,16720.0,0
268,17137.0,0
269,18046.0,0
270,18110.0,0
271,17087.0,0
272,15794.0,0
273,15965.0,0
274,18732.0,0
275,21107.0,0
276,23450.0,0
277,24200.0,0
278,24518.0,0
279,23704.0,0
280,22112.0,0
281,20986.0,0
282,21032.0,0
283,19963.0,0
284,18986.0,0
285,17125.0,0
286,15528.0,0
287,11610.0,0
288,9469.0,0
289,6605.0,0
290,5283.0,0
291,4152.0,0
292,3319.0,0
293,2432.0,0
294,1968.0,0
295,1769.0,0
296,2018.0,0
297,1933.0,0
298,2240.0,0
299,4305.0,0
300,6719.0,0
301,11392.0,0
302,14960.0,0
303,18975.0,0
304,19602.0,0
305,19572.0,0
306,18772.0,0
307,17757.0,0
308,16706.0,0
309,16601.0,0
310,15673.0,0
311,16929.0,0
312,17435.0,0
313,16953.0,0
314,16417.0,0
315,17022.0,0
316,17540.0,0
317,18417.0,0
318,18698.0,0
319,16193.0,0
320,14544.0,0
321,13864.0,0
322,17041.0,0
323,20434.0,0
324,23029.0,0
325,23711.0,0
326,24817.0,0
327,24933.0,0
328,24002.0,0
329,23651.0,0
330,23764.0,0
331,23224.0,0
332,22020.0,0
333,22214.0,0
334,21446.0,0
335,15974.0,0
336,12484.0,0
337,9130.0,0
338,6693.0,0
339,5333.0,0
340,3820.0,0
341,3065.0,0
342,2511.0,0
343,2299.0,0
344,2318.0,0
345,2125.0,0
346,2484.0,0
347,4358.0,0
348,6790.0,0
349,11660.0,0
350,15780.0,0
351,19516.0,0
352,20307.0,0
353,19954.0,0
354,18254.0,0
355,18010.0,0
356,17206.0,0
357,17213.0,0
358,16691.0,0
359,18259.0,0
360,18151.0,0
361,17555.0,0
362,16944.0,0
363,17728.0,0
364,18074.0,0
365,18993.0,0
366,18695.0,0
367,17191.0,0
368,15023.0,0
369,14164.0,0
370,17004.0,0
371,20361.0,0
372,23633.0,0
373,24661.0,0
374,25754.0,0
375,25671.0,0
376,25156.0,0
377,24961.0,0
378,24938.0,0
379,24851.0,0
380,24683.0,0
381,23411.0,0
382,20599.0,0
383,17147.0,0
384,13602.0,0
385,10452.0,0
386,7836.0,0
387,6040.0,0
388,4981.0,0
389,3613.0,0
390,2923.0,0
391,2632.0,0
392,2912.0,0
393,2577.0,0
394,2921.0,0
395,4679.0,0
396,6693.0,0
397,12140.0,0
398,15534.0,0
399,19974.0,0
400,20533.0,0
401,19988.0,0
402,19239.0,0
403,18788.0,0
404,17934.0,0
405,18048.0,0
406,17415.0,0
407,18292.0,0
408,18506.0,0
409,18180.0,0
410,17401.0,0
411,18973.0,0
412,19361.0,0
413,19722.0,0
414,19572.0,0
415,17500.0,0
416,15213.0,0
417,14457.0,0
418,17736.0,0
419,21319.0,0
420,23270.0,0
421,24892.0,0
422,26555.0,0
423,26743.0,0
424,26376.0,0
425,26311.0,0
426,26179.0,0
427,26774.0,0
428,26449.0,0
429,25459.0,0
430,23927.0,0
431,21851.0,0
432,18756.0,0
433,14990.0,0
434,13865.0,0
435,10263.0,0
436,7873.0,0
437,6480.0,0
438,5094.0,0
439,4217.0,0
440,4289.0,0
441,3640.0,0
442,3376.0,0
443,5145.0,0
444,7144.0,0
445,11739.0,0
446,15197.0,0
447,19716.0,0
448,20851.0,0
449,20463.0,0
450,19658.0,0
451,19287.0,0
452,17986.0,0
453,17776.0,0
454,17735.0,0
455,18716.0,0
456,19032.0,0
457,17702.0,0
458,17023.0,0
459,18352.0,0
460,19791.0,0
461,20131.0,0
462,18645.0,0
463,16572.0,0
464,14736.0,0
465,13731.0,0
466,17166.0,0
467,20392.0,0
468,22838.0,0
469,23791.0,0
470,25914.0,0
471,26355.0,0
472,25656.0,0
473,25449.0,0
474,25448.0,0
475,25823.0,0
476,25813.0,0
477,26407.0,0
478,26898.0,0
479,26587.0,0
480,25257.0,0
481,23717.0,0
482,22541.0,0
483,19773.0,0
484,19652.0,0
485,16294.0,0
486,13968.0,0
487,12000.0,0
488,10432.0,0
489,6402.0,0
490,4443.0,0
491,3481.0,0
492,3971.0,0
493,5191.0,0
494,6434.0,0
495,8435.0,0
496,10255.0,0
497,13847.0,0
498,14970.0,0
499,18403.0,0
500,19338.0,0
501,21107.0,0
502,20821.0,0
503,21854.0,0
504,21813.0,0
505,22250.0,0
506,21450.0,0
507,21271.0,0
508,20595.0,0
509,20863.0,0
510,20262.0,0
511,21024.0,0
512,19141.0,0
513,17903.0,0
514,19903.0,0
515,22820.0,0
516,24243.0,0
517,25880.0,0
518,26756.0,0
519,26593.0,0
520,25248.0,0
521,23934.0,0
522,23401.0,0
523,24145.0,0
524,25308.0,0
525,26284.0,0
526,27136.0,0
527,27099.0,0
528,26610.0,0
529,25400.0,0
530,23992.0,0
531,22359.0,0
532,21054.0,0
533,18812.0,0
534,16584.0,0
535,14204.0,0
536,11990.0,0
537,7092.0,0
538,4311.0,0
539,3844.0,0
540,3796.0,0
541,4755.0,0
542,4491.0,0
543,5559.0,0
544,6959.0,0
545,9127.0,0
546,11015.0,0
547,13961.0,0
548,15445.0,0
549,17923.0,0
550,18438.0,0
551,19592.0,0
552,19733.0,0
553,19766.0,0
554,19809.0,0
555,19242.0,0
556,18990.0,0
557,18676.0,0
558,18037.0,0
559,16660.0,0
560,15948.0,0
561,15261.0,0
562,17141.0,0
563,19085.0,0
564,20188.0,0
565,20512.0,0
566,20723.0,0
567,20415.0,0
568,19483.0,0
569,19008.0,0
570,17958.0,0
571,18341.0,0
572,18181.0,0
573,17069.0,0
574,15057.0,0
575,13867.0,0
576,11544.0,0
577,9016.0,0
578,6739.0,0
579,5420.0,0
580,4584.0,0
581,3787.0,0
582,3018.0,0
583,2667.0,0
584,2981.0,0
585,2756.0,0
586,2712.0,0
587,3798.0,0
588,5117.0,0
589,7727.0,0
590,9655.0,0
591,12109.0,0
592,13484.0,0
593,15506.0,0
594,15325.0,0
595,15924.0,0
596,14830.0,0
597,14907.0,0
598,14796.0,0
599,15699.0,0
600,15705.0,0
601,15880.0,0
602,15693.0,0
603,16643.0,0
604,16929.0,0
605,17698.0,0
606,17429.0,0
607,17248.0,0
608,16219.0,0
609,15918.0,0
610,17780.0,0
611,19414.0,0
612,21594.0,0
613,24915.0,0
614,24556.0,0
615,22341.0,0
616,22343.0,0
617,21619.0,0
618,21315.0,0
619,19821.0,0
620,17669.0,0
621,15504.0,0
622,14525.0,0
623,10738.0,0
624,8908.0,0
625,6593.0,0
626,5560.0,0
627,4014.0,0
628,3046.0,0
629,2349.0,0
630,1876.0,0
631,1691.0,0
632,1941.0,0
633,1850.0,0
634,2318.0,0
635,4337.0,0
636,6669.0,0
637,11585.0,0
638,15170.0,0
639,19136.0,0
640,20085.0,0
641,19758.0,0
642,18842.0,0
643,18530.0,0
644,16617.0,0
645,17458.0,0
646,16359.0,0
647,17483.0,0
648,17600.0,0
649,17552.0,0
650,17058.0,0
651,17658.0,0
652,18319.0,0
653,18818.0,0
654,18735.0,0
655,17254.0,0
656,15022.0,0
657,14365.0,0
658,16300.0,0
659,19687.0,0
660,22620.0,0
661,23309.0,0
662,23636.0,0
663,23752.0,0
664,23095.0,0
665,23108.0,0
666,23221.0,0
667,23581.0,0
668,22249.0,0
669,19533.0,0
670,17226.0,0
671,13935.0,0
672,11429.0,0
673,8486.0,0
674,6484.0,0
675,5093.0,0
676,4018.0,0
677,3218.0,0
678,2536.0,0
679,2219.0,0
680,2171.0,0
681,2268.0,0
682,2437.0,0
683,4569.0,0
684,6862.0,0
685,11924.0,0
686,15860.0,0
687,19821.0,0
688,20508.0,0
689,20540.0,0
690,19590.0,0
691,18480.0,0
692,17330.0,0
693,18508.0,0
694,17354.0,0
695,18552.0,0
696,18241.0,0
697,18475.0,0
698,17939.0,0
699,18398.0,0
700,18875.0,0
701,19559.0,0
702,19133.0,0
703,16816.0,0
704,14757.0,0
705,14470.0,0
706,17800.0,0
707,21127.0,0
708,22269.0,0
709,22819.0,0
710,23582.0,0
711,26273.0,0
712,25338.0,0
713,24021.0,0
714,26163.0,0
715,23839.0,0
716,22608.0,0
717,24886.0,0
718,20128.0,0
719,16180.0,0
720,13302.0,0
721,10509.0,0
722,8241.0,0
723,5536.0,0
724,4664.0,0
725,3460.0,0
726,2799.0,0
727,2730.0,0
728,2801.0,0
729,2511.0,0
730,2670.0,0
731,4767.0,0
732,7096.0,0
733,12556.0,0
734,16431.0,0
735,21581.0,0
736,21355.0,0
737,21573.0,0
738,20390.0,0
739,20452.0,0
740,19678.0,0
741,18801.0,0
742,17223.0,0
743,18249.0,0
744,17691.0,0
745,17052.0,0
746,16783.0,0
747,18392.0,0
748,18593.0,0
749,19364.0,0
750,19176.0,0
751,16795.0,0
752,15293.0,0
753,14922.0,0
754,17899.0,0
755,21758.0,0
756,24169.0,0
757,24615.0,0
758,26370.0,0
759,26990.0,0
760,26168.0,0
761,25449.0,0
762,25994.0,0
763,27115.0,0
764,26191.0,0
765,25146.0,0
766,24371.0,0
767,23771.0,0
768,19268.0,0
769,15623.0,0
770,12595.0,0
771,10224.0,0
772,7941.0,0
773,6678.0,0
774,5182.0,0
775,4502.0,0
776,4316.0,0
777,3512.0,0
778,3174.0,0
779,4771.0,0
780,6557.0,0
781,11929.0,0
782,14950.0,0
783,19835.0,0
784,20149.0,0
785,19998.0,0
786,19310.0,0
787,18601.0,0
788,17567.0,0
789,17890.0,0
790,17470.0,0
791,18557.0,0
792,18944.0,0
793,17922.0,0
794,17627.0,0
795,18361.0,0
796,19557.0,0
797,19811.0,0
798,19277.0,0
799,16741.0,0
800,14948.0,0
801,14244.0,0
802,17563.0,0
803,21246.0,0
804,23115.0,0
805,24785.0,0
806,26396.0,0
807,26837.0,0
808,26621.0,0
809,26144.0,0
810,26019.0,0
811,26816.0,0
812,26701.0,0
813,26519.0,0
814,26740.0,0
815,26173.0,0
816,25059.0,0
817,24437.0,0
818,22718.0,0
819,20700.0,0
820,19623.0,0
821,16675.0,0
822,14447.0,0
823,12377.0,0
824,10609.0,0
825,6436.0,0
826,4562.0,0
827,3783.0,0
828,3923.0,0
829,5060.0,0
830,5992.0,0
831,8639.0,0
832,10309.0,0
833,13563.0,0
834,14136.0,0
835,16945.0,0
836,17004.0,0
837,19045.0,0
838,19859.0,0
839,21198.0,0
840,21550.0,0
841,21583.0,0
842,21455.0,0
843,21869.0,0
844,21426.0,0
845,21650.0,0
846,21611.0,0
847,20904.0,0
848,18820.0,0
849,17255.0,0
850,19029.0,0
851,22812.0,0
852,24455.0,0
853,26373.0,0
854,27460.0,0
855,27222.0,0
856,25204.0,0
857,24329.0,0
858,24526.0,0
859,25203.0,0
860,25975.0,0
861,27073.0,0
862,27881.0,0
863,28626.0,0
864,28093.0,0
865,26200.0,0
866,25610.0,0
867,23483.0,0
868,21850.0,0
869,19297.0,0
870,16574.0,0
871,14355.0,0
872,12112.0,0
873,7284.0,0
874,4845.0,0
875,3667.0,0
876,3718.0,0
877,4573.0,0
878,5167.0,0
879,6844.0,0
880,7279.0,0
881,9761.0,0
882,11712.0,0
883,14210.0,0
884,15394.0,0
885,18387.0,0
886,19168.0,0
887,20891.0,0
888,21806.0,0
889,22188.0,0
890,22153.0,0
891,21713.0,0
892,21838.0,0
893,21082.0,0
894,20448.0,0
895,20113.0,0
896,18645.0,0
897,17210.0,0
898,18326.0,0
899,20498.0,0
900,20924.0,0
901,21579.0,0
902,22026.0,0
903,22197.0,0
904,19709.0,0
905,18780.0,0
906,18060.0,0
907,17973.0,0
908,16572.0,0
909,14957.0,0
910,12461.0,0
911,10448.0,0
912,8295.0,0
913,6837.0,0
914,4747.0,0
915,3283.0,0
916,2904.0,0
917,2345.0,0
918,1917.0,0
919,1783.0,0
920,2174.0,0
921,2157.0,0
922,2989.0,0
923,4841.0,0
924,7228.0,0
925,11726.0,0
926,14557.0,0
927,17848.0,0
928,18436.0,0
929,18059.0,0
930,18028.0,0
931,17353.0,0
932,16350.0,0
933,16376.0,0
934,16099.0,0
935,16817.0,0
936,16898.0,0
937,16809.0,0
938,16199.0,0
939,16758.0,0
940,17679.0,0
941,18148.0,0
942,18644.0,0
943,17183.0,0
944,16196.0,0
945,15534.0,0
946,18451.0,0
947,20950.0,0
948,23192.0,0
949,24655.0,0
950,24094.0,0
951,23285.0,0
952,22083.0,0
953,21485.0,0
954,21579.0,0
955,21118.0,0
956,20204.0,0
957,16909.0,0
958,13785.0,0
959,11695.0,0
960,9214.0,0
961,6931.0,0
962,5413.0,0
963,4130.0,0
964,3276.0,0
965,2475.0,0
966,2080.0,0
967,1917.0,0
968,2123.0,0
969,1984.0,0
970,2458.0,0
971,4338.0,0
972,6470.0,0
973,11775.0,0
974,15088.0,0
975,19429.0,0
976,20482.0,0
977,19886.0,0
978,19170.0,0
979,18277.0,0
980,17064.0,0
981,16386.0,0
982,16633.0,0
983,17681.0,0
984,18233.0,0
985,17996.0,0
986,16695.0,0
987,16912.0,0
988,18124.0,0
989,18411.0,0
990,19013.0,0
991,17590.0,0
992,15673.0,0
993,14923.0,0
994,17981.0,0
995,21208.0,0
996,23458.0,0
997,24028.0,0
998,24934.0,0
999,25135.0,0
1000,24613.0,0
1001,24617.0,0
1002,25841.0,0
1003,24141.0,0
1004,23069.0,0
1005,21243.0,0
1006,18077.0,0
1007,15745.0,0
1008,12115.0,0
1009,9035.0,0
1010,7015.0,0
1011,5113.0,0
1012,4220.0,0
1013,3331.0,0
1014,2870.0,0
1015,2516.0,0
1016,2656.0,0
1017,2336.0,0
1018,2494.0,0
1019,5081.0,0
1020,8091.0,0
1021,13037.0,0
1022,16579.0,0
1023,19657.0,0
1024,20914.0,0
1025,20612.0,0
1026,20015.0,0
1027,19001.0,0
1028,17533.0,0
1029,17877.0,0
1030,16470.0,0
1031,18266.0,0
1032,17992.0,0
1033,17419.0,0
1034,16775.0,0
1035,17378.0,0
1036,18067.0,0
1037,19841.0,0
1038,18552.0,0
1039,16825.0,0
1040,14712.0,0
1041,14439.0,0
1042,17305.0,0
1043,20949.0,0
1044,22182.0,0
1045,23886.0,0
1046,25234.0,0
1047,24731.0,0
1048,25195.0,0
1049,25551.0,0
1050,26110.0,0
1051,24842.0,0
1052,23178.0,0
1053,23408.0,0
1054,21749.0,0
1055,17918.0,0
1056,13496.0,0
1057,10416.0,0
1058,8090.0,0
1059,5946.0,0
1060,4330.0,0
1061,3282.0,0
1062,2732.0,0
1063,2524.0,0
1064,2700.0,0
1065,2290.0,0
1066,2743.0,0
1067,4732.0,0
1068,7570.0,0
1069,12751.0,0
1070,16887.0,0
1071,20268.0,0
1072,21992.0,0
1073,21301.0,0
1074,20526.0,0
1075,19251.0,0
1076,18228.0,0
1077,18603.0,0
1078,18762.0,0
1079,19645.0,0
1080,20453.0,0
1081,19400.0,0
1082,18448.0,0
1083,18199.0,0
1084,18845.0,0
1085,18973.0,0
1086,17968.0,0
1087,15112.0,0
1088,13580.0,0
1089,12751.0,0
1090,15901.0,0
1091,19774.0,0
1092,21960.0,0
1093,23790.0,0
1094,24998.0,0
1095,25414.0,0
1096,26075.0,0
1097,25616.0,0
1098,25916.0,0
1099,25589.0,0
1100,25041.0,0
1101,24891.0,0
1102,23888.0,0
1103,22464.0,0
1104,19061.0,0
1105,16689.0,0
1106,13006.0,0
1107,9512.0,0
1108,7745.0,0
1109,6037.0,0
1110,5194.0,0
1111,4419.0,0
1112,4267.0,0
1113,3366.0,0
1114,3096.0,0
1115,4532.0,0
1116,6877.0,0
1117,11826.0,0
1118,15333.0,0
1119,19013.0,0
1120,20131.0,0
1121,19779.0,0
1122,19227.0,0
1123,18824.0,0
1124,17705.0,0
1125,18111.0,0
1126,17408.0,0
1127,18509.0,0
1128,18510.0,0
1129,17910.0,0
1130,17690.0,0
1131,18149.0,0
1132,19632.0,0
1133,19426.0,0
1134,18760.0,0
1135,16379.0,0
1136,15083.0,0
1137,14553.0,0
1138,17509.0,0
1139,20911.0,0
1140,22958.0,0
1141,25257.0,0
1142,26659.0,0
1143,27104.0,0
1144,26439.0,0
1145,25840.0,0
1146,25694.0,0
1147,26093.0,0
1148,26821.0,0
1149,26870.0,0
1150,26889.0,0
1151,27283.0,0
1152,25739.0,0
1153,23889.0,0
1154,22278.0,0
1155,20337.0,0
1156,19179.0,0
1157,16566.0,0
1158,14146.0,0
1159,12015.0,0
1160,10285.0,0
1161,6316.0,0
1162,4106.0,0
1163,3465.0,0
1164,3657.0,0
1165,4756.0,0
1166,6003.0,0
1167,7853.0,0
1168,9091.0,0
1169,12209.0,0
1170,13433.0,0
1171,16768.0,0
1172,16390.0,0
1173,18666.0,0
1174,19740.0,0
1175,21266.0,0
1176,21452.0,0
1177,21613.0,0
1178,21773.0,0
1179,21440.0,0
1180,20362.0,0
1181,20601.0,0
1182,20989.0,0
1183,20210.0,0
1184,18243.0,0
1185,16875.0,0
1186,19078.0,0
1187,22244.0,0
1188,23703.0,0
1189,25544.0,0
1190,27125.0,0
1191,26539.0,0
1192,24964.0,0
1193,23665.0,0
1194,23200.0,0
1195,24238.0,0
1196,25202.0,0
1197,26140.0,0
1198,27417.0,0
1199,27692.0,0
1200,26866.0,0
1201,26254.0,0
1202,24482.0,0
1203,22425.0,0
1204,20865.0,0
1205,18801.0,0
1206,16066.0,0
1207,14093.0,0
1208,11863.0,0
1209,7194.0,0
1210,4661.0,0
1211,3656.0,0
1212,3780.0,0
1213,4116.0,0
1214,4530.0,0
1215,6287.0,0
1216,7318.0,0
1217,9260.0,0
1218,10911.0,0
1219,14136.0,0
1220,15466.0,0
1221,18611.0,0
1222,18437.0,0
1223,20375.0,0
1224,20658.0,0
1225,21283.0,0
1226,20200.0,0
1227,20135.0,0
1228,20306.0,0
1229,20404.0,0
1230,19931.0,0
1231,19772.0,0
1232,18406.0,0
1233,16957.0,0
1234,17972.0,0
1235,19563.0,0
1236,20106.0,0
1237,20449.0,0
1238,19860.0,0
1239,19343.0,0
1240,18128.0,0
1241,17298.0,0
1242,16004.0,0
1243,16422.0,0
1244,14618.0,0
1245,13017.0,0
1246,11532.0,0
1247,10089.0,0
1248,8326.0,0
1249,6579.0,0
1250,4385.0,0
1251,3470.0,0
1252,2854.0,0
1253,2128.0,0
1254,1785.0,0
1255,1707.0,0
1256,2138.0,0
1257,2406.0,0
1258,2847.0,0
1259,4951.0,0
1260,7094.0,0
1261,11090.0,0
1262,14205.0,0
1263,17506.0,0
1264,18105.0,0
1265,17656.0,0
1266,17751.0,0
1267,17096.0,0
1268,15784.0,0
1269,16086.0,0
1270,14843.0,0
1271,16446.0,0
1272,16614.0,0
1273,16155.0,0
1274,15502.0,0
1275,16293.0,0
1276,16885.0,0
1277,17759.0,0
1278,18533.0,0
1279,17617.0,0
1280,16279.0,0
1281,15551.0,0
1282,18199.0,0
1283,20618.0,0
1284,22703.0,0
1285,23897.0,0
1286,24329.0,0
1287,23182.0,0
1288,21778.0,0
1289,21251.0,0
1290,21189.0,0
1291,20884.0,0
1292,19670.0,0
1293,18163.0,0
1294,15613.0,0
1295,13371.0,0
1296,10910.0,0
1297,7638.0,0
1298,5589.0,0
1299,4215.0,0
1300,3386.0,0
1301,2753.0,0
1302,2181.0,0
1303,2034.0,0
1304,2094.0,0
1305,1896.0,0
1306,2632.0,0
1307,4581.0,0
1308,6612.0,0
1309,11609.0,0
1310,15127.0,0
1311,19097.0,0
1312,19516.0,0
1313,19422.0,0
1314,18088.0,0
1315,17669.0,0
1316,16744.0,0
1317,17075.0,0
1318,16035.0,0
1319,17421.0,0
1320,17756.0,0
1321,17057.0,0
1322,16101.0,0
1323,17443.0,0
1324,17890.0,0
1325,18651.0,0
1326,18762.0,0
1327,17135.0,0
1328,15175.0,0
1329,13958.0,0
1330,16881.0,0
1331,19615.0,0
1332,22196.0,0
1333,22906.0,0
1334,23482.0,0
1335,23088.0,0
1336,23728.0,0
1337,23210.0,0
1338,23685.0,0
1339,23843.0,0
1340,22597.0,0
1341,20923.0,0
1342,19229.0,0
1343,15963.0,0
1344,12292.0,0
1345,9190.0,0
1346,6864.0,0
1347,5693.0,0
1348,4499.0,0
1349,3304.0,0
1350,2560.0,0
1351,2485.0,0
1352,2560.0,0
1353,2248.0,0
1354,2389.0,0
1355,4313.0,0
1356,6649.0,0
1357,11289.0,0
1358,15103.0,0
1359,19437.0,0
1360,19443.0,0
1361,19707.0,0
1362,18912.0,0
1363,18203.0,0
1364,16492.0,0
1365,16837.0,0
1366,16075.0,0
1367,17160.0,0
1368,17606.0,0
1369,17267.0,0
1370,16875.0,0
1371,17940.0,0
1372,18339.0,0
1373,18971.0,0
1374,19298.0,0
1375,16665.0,0
1376,15008.0,0
1377,13873.0,0
1378,17894.0,0
1379,21574.0,0
1380,22116.0,0
1381,23582.0,0
1382,25553.0,0
1383,25299.0,0
1384,24778.0,0
1385,24729.0,0
1386,24907.0,0
1387,24810.0,0
1388,24246.0,0
1389,23250.0,0
1390,20700.0,0
1391,18631.0,0
1392,14048.0,0
1393,10691.0,0
1394,8363.0,0
1395,6405.0,0
1396,5251.0,0
1397,3714.0,0
1398,3232.0,0
1399,3057.0,0
1400,3005.0,0
1401,2506.0,0
1402,2821.0,0
1403,5287.0,0
1404,7427.0,0
1405,12248.0,0
1406,15618.0,0
1407,19528.0,0
1408,19813.0,0
1409,19680.0,0
1410,19351.0,0
1411,18967.0,0
1412,17899.0,0
1413,17994.0,0
1414,17167.0,0
1415,18094.0,0
1416,18575.0,0
1417,18022.0,0
1418,17359.0,0
1419,18035.0,0
1420,18733.0,0
1421,19410.0,0
1422,18991.0,0
1423,16749.0,0
1424,14604.0,0
1425,13367.0,0
1426,16382.0,0
1427,19879.0,0
1428,21735.0,0
1429,23802.0,0
1430,24832.0,0
1431,24964.0,0
1432,25791.0,0
1433,25810.0,0
1434,25816.0,0
1435,25849.0,0
1436,24877.0,0
1437,25072.0,0
1438,24763.0,0
1439,22241.0,0
1440,19957.0,0
1441,16881.0,0
1442,13588.0,0
1443,10958.0,0
1444,9119.0,0
1445,7589.0,0
1446,6221.0,0
1447,4936.0,0
1448,4796.0,0
1449,3555.0,0
1450,3337.0,0
1451,4665.0,0
1452,7084.0,0
1453,11681.0,0
1454,14822.0,0
1455,19004.0,0
1456,20306.0,0
1457,20687.0,0
1458,19585.0,0
1459,18702.0,0
1460,18099.0,0
1461,18335.0,0
1462,17653.0,0
1463,18889.0,0
1464,19146.0,0
1465,18833.0,0
1466,18315.0,0
1467,18917.0,0
1468,20430.0,0
1469,20608.0,0
1470,19915.0,0
1471,16981.0,0
1472,15045.0,0
1473,13978.0,0
1474,16891.0,0
1475,20025.0,0
1476,21438.0,0
1477,23813.0,0
1478,25517.0,0
1479,25493.0,0
1480,25475.0,0
1481,26996.0,0
1482,27015.0,0
1483,27264.0,0
1484,26977.0,0
1485,26343.0,0
1486,26333.0,0
1487,26524.0,0
1488,25425.0,0
1489,24937.0,0
1490,24946.0,0
1491,23736.0,0
1492,23245.0,0
1493,21459.0,0
1494,19849.0,0
1495,17679.0,0
1496,15018.0,0
1497,10600.0,0
1498,7758.0,0
1499,5907.0,0
1500,5743.0,0
1501,6223.0,0
1502,6386.0,0
1503,9098.0,0
1504,9864.0,0
1505,12903.0,0
1506,14185.0,0
1507,18584.0,0
1508,19066.0,0
1509,22683.0,0
1510,23292.0,0
1511,24154.0,0
1512,25310.0,0
1513,26625.0,0
1514,25584.0,0
1515,25115.0,0
1516,23935.0,0
1517,23341.0,0
1518,23337.0,0
1519,22199.0,0
1520,20008.0,0
1521,18443.0,0
1522,20865.0,0
1523,23719.0,0
1524,25241.0,0
1525,27383.0,0
1526,28398.0,0
1527,27426.0,0
1528,26537.0,0
1529,25980.0,0
1530,24601.0,0
1531,24838.0,0
1532,26372.0,0
1533,26567.0,0
1534,25879.0,0
1535,26125.0,0
1536,25110.0,0
1537,23109.0,0
1538,39197.0,0
1539,35212.0,0
1540,13259.0,0
1541,12250.0,0
1542,10013.0,0
1543,7898.0,0
1544,6375.0,0
1545,4532.0,0
1546,5116.0,0
1547,5232.0,0
1548,4542.0,0
1549,5298.0,0
1550,5155.0,0
1551,6029.0,0
1552,6280.0,0
1553,8771.0,0
1554,10151.0,0
1555,12501.0,0
1556,13990.0,0
1557,16534.0,0
1558,17133.0,0
1559,18775.0,0
1560,18985.0,0
1561,19911.0,0
1562,19123.0,0
1563,19524.0,0
1564,19640.0,0
1565,18364.0,0
1566,17940.0,0
1567,17949.0,0
1568,17288.0,0
1569,16326.0,0
1570,17522.0,0
1571,19243.0,0
1572,20291.0,0
1573,21649.0,0
1574,22839.0,0
1575,21772.0,0
1576,20994.0,0
1577,19774.0,0
1578,18398.0,0
1579,17764.0,0
1580,17334.0,0
1581,15431.0,0
1582,12958.0,0
1583,10224.0,0
1584,8771.0,0
1585,6045.0,0
1586,4413.0,0
1587,3235.0,0
1588,2688.0,0
1589,1983.0,0
1590,1756.0,0
1591,1683.0,0
1592,2140.0,0
1593,2288.0,0
1594,2948.0,0
1595,4813.0,0
1596,8044.0,0
1597,12885.0,0
1598,14627.0,0
1599,18111.0,0
1600,18266.0,0
1601,18384.0,0
1602,18104.0,0
1603,17357.0,0
1604,16008.0,0
1605,16379.0,0
1606,15351.0,0
1607,16770.0,0
1608,16711.0,0
1609,17011.0,0
1610,16373.0,0
1611,17097.0,0
1612,17364.0,0
1613,18333.0,0
1614,18428.0,0
1615,16974.0,0
1616,16139.0,0
1617,15205.0,0
1618,17392.0,0
1619,20141.0,0
1620,22581.0,0
1621,23098.0,0
1622,23154.0,0
1623,22688.0,0
1624,22047.0,0
1625,21283.0,0
1626,21070.0,0
1627,19910.0,0
1628,20541.0,0
1629,18105.0,0
1630,14554.0,0
1631,12695.0,0
1632,10667.0,0
1633,8479.0,0
1634,6005.0,0
1635,3899.0,0
1636,3111.0,0
1637,2526.0,0
1638,2112.0,0
1639,1885.0,0
1640,1921.0,0
1641,2267.0,0
1642,2413.0,0
1643,4413.0,0
1644,7168.0,0
1645,12160.0,0
1646,14845.0,0
1647,18403.0,0
1648,18445.0,0
1649,19018.0,0
1650,18105.0,0
1651,17459.0,0
1652,16381.0,0
1653,16623.0,0
1654,16144.0,0
1655,17318.0,0
1656,17658.0,0
1657,17108.0,0
1658,16178.0,0
1659,17973.0,0
1660,18152.0,0
1661,18445.0,0
1662,18556.0,0
1663,16865.0,0
1664,14505.0,0
1665,13471.0,0
1666,15853.0,0
1667,18369.0,0
1668,20968.0,0
1669,22239.0,0
1670,22626.0,0
1671,22924.0,0
1672,22853.0,0
1673,22393.0,0
1674,23088.0,0
1675,22431.0,0
1676,22239.0,0
1677,19918.0,0
1678,17675.0,0
1679,14953.0,0
1680,12025.0,0
1681,8767.0,0
1682,6670.0,0
1683,5197.0,0
1684,4289.0,0
1685,3186.0,0
1686,2747.0,0
1687,2257.0,0
1688,2397.0,0
1689,2205.0,0
1690,2625.0,0
1691,4404.0,0
1692,7007.0,0
1693,12065.0,0
1694,15803.0,0
1695,19844.0,0
1696,19937.0,0
1697,20299.0,0
1698,19584.0,0
1699,19313.0,0
1700,16887.0,0
1701,17118.0,0
1702,16847.0,0
1703,18356.0,0
1704,18124.0,0
1705,17783.0,0
1706,17223.0,0
1707,17852.0,0
1708,18374.0,0
1709,18641.0,0
1710,18913.0,0
1711,16314.0,0
1712,13917.0,0
1713,13151.0,0
1714,16100.0,0
1715,19136.0,0
1716,21762.0,0
1717,22829.0,0
1718,23705.0,0
1719,23740.0,0
1720,23789.0,0
1721,23389.0,0
1722,24122.0,0
1723,24156.0,0
1724,23679.0,0
1725,22803.0,0
1726,20814.0,0
1727,17376.0,0
1728,13846.0,0
1729,10387.0,0
1730,8384.0,0
1731,6455.0,0
1732,5043.0,0
1733,3738.0,0
1734,3155.0,0
1735,2758.0,0
1736,3122.0,0
1737,2625.0,0
1738,2760.0,0
1739,4995.0,0
1740,8021.0,0
1741,13803.0,0
1742,17405.0,0
1743,20841.0,0
1744,21338.0,0
1745,21281.0,0
1746,20108.0,0
1747,20198.0,0
1748,19035.0,0
1749,19155.0,0
1750,17964.0,0
1751,18680.0,0
1752,18600.0,0
1753,17556.0,0
1754,17373.0,0
1755,17832.0,0
1756,18087.0,0
1757,18057.0,0
1758,17634.0,0
1759,15492.0,0
1760,13677.0,0
1761,12574.0,0
1762,15818.0,0
1763,19350.0,0
1764,21754.0,0
1765,23740.0,0
1766,24666.0,0
1767,25142.0,0
1768,25597.0,0
1769,25126.0,0
1770,25312.0,0
1771,26067.0,0
1772,25613.0,0
1773,23971.0,0
1774,22859.0,0
1775,21287.0,0
1776,18308.0,0
1777,14352.0,0
1778,11746.0,0
1779,9042.0,0
1780,7318.0,0
1781,6009.0,0
1782,5364.0,0
1783,4336.0,0
1784,4008.0,0
1785,3263.0,0
1786,3183.0,0
1787,4813.0,0
1788,7519.0,0
1789,12074.0,0
1790,15249.0,0
1791,19300.0,0
1792,19564.0,0
1793,19132.0,0
1794,18454.0,0
1795,17950.0,0
1796,17374.0,0
1797,17674.0,0
1798,17016.0,0
1799,18484.0,0
1800,18460.0,0
1801,17693.0,0
1802,18093.0,0
1803,19918.0,0
1804,19945.0,0
1805,19077.0,0
1806,18186.0,0
1807,16030.0,0
1808,14092.0,0
1809,13270.0,0
1810,15935.0,0
1811,19419.0,0
1812,21778.0,0
1813,24460.0,0
1814,26246.0,0
1815,27224.0,0
1816,26862.0,0
1817,27340.0,0
1818,27335.0,0
1819,26727.0,0
1820,27181.0,0
1821,27761.0,0
1822,27193.0,0
1823,26857.0,0
1824,25692.0,0
1825,24162.0,0
1826,22219.0,0
1827,20748.0,0
1828,19471.0,0
1829,16940.0,0
1830,14431.0,0
1831,11898.0,0
1832,10264.0,0
1833,5942.0,0
1834,4063.0,0
1835,3498.0,0
1836,3726.0,0
1837,5242.0,0
1838,5655.0,0
1839,8191.0,0
1840,9371.0,0
1841,13050.0,0
1842,13820.0,0
1843,17437.0,0
1844,17281.0,0
1845,19718.0,0
1846,19999.0,0
1847,22047.0,0
1848,22352.0,0
1849,22898.0,0
1850,22660.0,0
1851,23047.0,0
1852,21976.0,0
1853,22746.0,0
1854,22382.0,0
1855,21956.0,0
1856,18619.0,0
1857,15861.0,0
1858,18326.0,0
1859,22332.0,0
1860,25097.0,0
1861,27236.0,0
1862,27898.0,0
1863,26790.0,0
1864,25561.0,0
1865,24344.0,0
1866,23890.0,0
1867,24609.0,0
1868,26595.0,0
1869,27260.0,0
1870,27998.0,0
1871,27854.0,0
1872,26931.0,0
1873,25208.0,0
1874,23782.0,0
1875,22472.0,0
1876,21183.0,0
1877,18443.0,0
1878,16105.0,0
1879,13801.0,0
1880,11997.0,0
1881,7112.0,0
1882,4627.0,0
1883,3683.0,0
1884,3587.0,0
1885,4158.0,0
1886,4351.0,0
1887,5823.0,0
1888,6850.0,0
1889,9839.0,0
1890,11422.0,0
1891,14897.0,0
1892,15815.0,0
1893,18787.0,0
1894,18880.0,0
1895,19871.0,0
1896,20722.0,0
1897,21774.0,0
1898,21318.0,0
1899,20699.0,0
1900,20831.0,0
1901,20467.0,0
1902,20249.0,0
1903,20100.0,0
1904,18688.0,0
1905,17249.0,0
1906,18573.0,0
1907,19937.0,0
1908,20564.0,0
1909,20132.0,0
1910,19654.0,0
1911,18449.0,0
1912,17176.0,0
1913,17596.0,0
1914,16431.0,0
1915,15860.0,0
1916,15253.0,0
1917,13845.0,0
1918,11656.0,0
1919,9818.0,0
1920,7870.0,0
1921,6079.0,0
1922,4644.0,0
1923,3501.0,0
1924,2989.0,0
1925,2247.0,0
1926,1853.0,0
1927,1791.0,0
1928,2189.0,0
1929,2328.0,0
1930,2827.0,0
1931,4738.0,0
1932,6803.0,0
1933,11738.0,0
1934,14296.0,0
1935,17240.0,0
1936,17657.0,0
1937,17904.0,0
1938,17705.0,0
1939,16814.0,0
1940,15908.0,0
1941,15545.0,0
1942,15119.0,0
1943,16241.0,0
1944,16354.0,0
1945,16002.0,0
1946,15560.0,0
1947,16855.0,0
1948,17292.0,0
1949,17780.0,0
1950,18467.0,0
1951,17048.0,0
1952,15386.0,0
1953,15329.0,0
1954,17444.0,0
1955,19765.0,0
1956,22418.0,0
1957,22794.0,0
1958,23094.0,0
1959,22197.0,0
1960,21796.0,0
1961,20849.0,0
1962,21169.0,0
1963,20613.0,0
1964,20734.0,0
1965,17540.0,0
1966,15189.0,0
1967,12879.0,0
1968,10511.0,0
1969,7509.0,0
1970,6277.0,0
1971,4622.0,0
1972,3785.0,0
1973,2970.0,0
1974,2332.0,0
1975,2166.0,0
1976,2179.0,0
1977,2040.0,0
1978,2278.0,0
1979,3860.0,0
1980,5517.0,0
1981,9569.0,0
1982,12272.0,0
1983,16460.0,0
1984,16976.0,0
1985,17823.0,0
1986,17655.0,0
1987,16946.0,0
1988,15846.0,0
1989,15835.0,0
1990,15442.0,0
1991,16069.0,0
1992,15966.0,0
1993,15584.0,0
1994,15384.0,0
1995,15909.0,0
1996,16140.0,0
1997,16337.0,0
1998,16381.0,0
1999,15196.0,0
2000,13003.0,0
2001,12213.0,0
2002,15103.0,0
2003,18301.0,0
2004,20626.0,0
2005,22533.0,0
2006,22905.0,0
2007,22181.0,0
2008,21899.0,0
2009,21789.0,0
2010,22253.0,0
2011,22515.0,0
2012,21410.0,0
2013,19812.0,0
2014,17135.0,0
2015,13567.0,0
2016,10829.0,0
2017,7850.0,0
2018,6572.0,0
2019,4748.0,0
2020,3777.0,0
2021,3255.0,0
2022,2415.0,0
2023,2279.0,0
2024,2353.0,0
2025,2142.0,0
2026,2540.0,0
2027,4177.0,0
2028,6843.0,0
2029,11818.0,0
2030,15665.0,0
2031,19785.0,0
2032,19813.0,0
2033,19623.0,0
2034,18444.0,0
2035,17937.0,0
2036,16552.0,0
2037,17394.0,0
2038,16960.0,0
2039,18105.0,0
2040,17724.0,0
2041,16327.0,0
2042,16527.0,0
2043,17290.0,0
2044,18042.0,0
2045,18250.0,0
2046,17656.0,0
2047,16288.0,0
2048,13992.0,0
2049,12912.0,0
2050,16032.0,0
2051,18814.0,0
2052,21296.0,0
2053,23115.0,0
2054,23859.0,0
2055,24749.0,0
2056,23879.0,0
2057,23815.0,0
2058,24595.0,0
2059,24494.0,0
2060,24213.0,0
2061,22931.0,0
2062,20785.0,0
2063,17464.0,0
2064,13303.0,0
2065,10350.0,0
2066,7850.0,0
2067,5961.0,0
2068,5051.0,0
2069,3833.0,0
2070,3006.0,0
2071,2515.0,0
2072,2816.0,0
2073,2248.0,0
2074,2621.0,0
2075,4392.0,0
2076,7062.0,0
2077,12333.0,0
2078,15661.0,0
2079,19597.0,0
2080,20200.0,0
2081,19843.0,0
2082,19031.0,0
2083,18253.0,0
2084,17244.0,0
2085,17402.0,0
2086,17286.0,0
2087,18936.0,0
2088,18516.0,0
2089,17635.0,0
2090,17343.0,0
2091,19090.0,0
2092,19197.0,0
2093,19207.0,0
2094,18412.0,0
2095,16391.0,0
2096,13472.0,0
2097,12807.0,0
2098,16097.0,0
2099,19322.0,0
2100,21645.0,0
2101,22745.0,0
2102,24219.0,0
2103,25443.0,0
2104,25695.0,0
2105,25994.0,0
2106,26424.0,0
2107,25450.0,0
2108,24621.0,0
2109,23727.0,0
2110,22503.0,0
2111,20709.0,0
2112,17932.0,0
2113,14668.0,0
2114,11986.0,0
2115,9213.0,0
2116,7202.0,0
2117,5552.0,0
2118,5023.0,0
2119,3900.0,0
2120,4039.0,0
2121,2987.0,0
2122,3090.0,0
2123,4737.0,0
2124,7102.0,0
2125,12268.0,0
2126,15903.0,0
2127,20015.0,0
2128,20432.0,0
2129,20735.0,0
2130,19149.0,0
2131,18665.0,0
2132,17992.0,0
2133,17773.0,0
2134,17786.0,0
2135,18128.0,0
2136,18355.0,0
2137,17629.0,0
2138,17104.0,0
2139,18151.0,0
2140,18892.0,0
2141,19540.0,0
2142,18557.0,0
2143,16263.0,0
2144,14668.0,0
2145,13473.0,0
2146,16747.0,0
2147,20594.0,0
2148,23151.0,0
2149,25446.0,0
2150,27196.0,0
2151,26881.0,0
2152,25994.0,0
2153,25879.0,0
2154,26301.0,0
2155,27136.0,0
2156,26940.0,0
2157,26834.0,0
2158,26960.0,0
2159,26107.0,0
2160,25034.0,0
2161,24103.0,0
2162,22682.0,0
2163,20630.0,0
2164,19226.0,0
2165,16555.0,0
2166,14088.0,0
2167,12491.0,0
2168,10208.0,0
2169,5853.0,0
2170,4019.0,0
2171,3477.0,0
2172,3582.0,0
2173,4936.0,0
2174,5272.0,0
2175,7427.0,0
2176,8646.0,0
2177,12313.0,0
2178,13426.0,0
2179,17040.0,0
2180,16811.0,0
2181,19069.0,0
2182,19423.0,0
2183,21552.0,0
2184,21685.0,0
2185,22380.0,0
2186,21954.0,0
2187,21926.0,0
2188,21851.0,0
2189,22014.0,0
2190,22075.0,0
2191,20936.0,0
2192,18358.0,0
2193,15289.0,0
2194,17742.0,0
2195,21769.0,0
2196,24058.0,0
2197,26029.0,0
2198,27266.0,0
2199,26817.0,0
2200,25049.0,0
2201,23713.0,0
2202,23324.0,0
2203,23970.0,0
2204,26325.0,0
2205,26139.0,0
2206,27312.0,0
2207,28114.0,0
2208,26651.0,0
2209,25212.0,0
2210,24273.0,0
2211,22665.0,0
2212,21069.0,0
2213,18803.0,0
2214,16590.0,0
2215,14414.0,0
2216,12228.0,0
2217,7230.0,0
2218,4624.0,0
2219,3594.0,0
2220,3332.0,0
2221,4083.0,0
2222,4416.0,0
2223,5214.0,0
2224,6429.0,0
2225,8898.0,0
2226,10911.0,0
2227,13475.0,0
2228,15157.0,0
2229,18595.0,0
2230,19233.0,0
2231,20372.0,0
2232,21847.0,0
2233,21695.0,0
2234,21880.0,0
2235,21047.0,0
2236,21107.0,0
2237,20602.0,0
2238,19817.0,0
2239,19310.0,0
2240,18479.0,0
2241,16296.0,0
2242,17751.0,0
2243,19230.0,0
2244,19883.0,0
2245,19768.0,0
2246,18931.0,0
2247,17936.0,0
2248,16360.0,0
2249,16885.0,0
2250,16000.0,0
2251,14902.0,0
2252,13707.0,0
2253,13406.0,0
2254,12021.0,0
2255,11115.0,0
2256,8317.0,0
2257,5887.0,0
2258,4464.0,0
2259,3425.0,0
2260,2961.0,0
2261,2328.0,0
2262,2020.0,0
2263,1764.0,0
2264,2139.0,0
2265,2296.0,0
2266,2960.0,0
2267,5121.0,0
2268,7871.0,0
2269,11902.0,0
2270,14583.0,0
2271,17190.0,0
2272,18725.0,0
2273,18822.0,0
2274,17992.0,0
2275,17210.0,0
2276,15940.0,0
2277,17094.0,0
2278,15247.0,0
2279,16676.0,0
2280,16895.0,0
2281,17205.0,0
2282,17634.0,0
2283,18189.0,0
2284,19319.0,0
2285,18757.0,0
2286,17239.0,0
2287,14885.0,0
2288,13577.0,0
2289,13513.0,0
2290,15864.0,0
2291,18502.0,0
2292,20313.0,0
2293,20674.0,0
2294,21079.0,0
2295,21433.0,0
2296,20590.0,0
2297,19515.0,0
2298,20194.0,0
2299,19251.0,0
2300,18436.0,0
2301,16099.0,0
2302,14985.0,0
2303,11612.0,0
2304,9828.0,0
2305,7529.0,0
2306,6162.0,0
2307,4296.0,0
2308,3090.0,0
2309,2366.0,0
2310,2094.0,0
2311,1831.0,0
2312,1987.0,0
2313,1936.0,0
2314,2346.0,0
2315,4328.0,0
2316,6935.0,0
2317,12642.0,0
2318,16037.0,0
2319,20032.0,0
2320,20709.0,0
2321,20897.0,0
2322,20127.0,0
2323,19075.0,0
2324,17883.0,0
2325,17581.0,0
2326,16559.0,0
2327,17870.0,0
2328,18097.0,0
2329,17714.0,0
2330,17104.0,0
2331,17999.0,0
2332,19071.0,0
2333,19197.0,0
2334,19000.0,0
2335,17013.0,0
2336,14962.0,0
2337,13727.0,0
2338,16826.0,0
2339,20320.0,0
2340,23167.0,0
2341,23782.0,0
2342,24068.0,0
2343,24831.0,0
2344,25564.0,0
2345,25300.0,0
2346,25503.0,0
2347,24598.0,0
2348,24120.0,0
2349,22641.0,0
2350,19722.0,0
2351,15507.0,0
2352,12079.0,0
2353,8561.0,0
2354,6632.0,0
2355,4846.0,0
2356,3996.0,0
2357,3339.0,0
2358,2594.0,0
2359,2315.0,0
2360,2462.0,0
2361,2077.0,0
2362,2448.0,0
2363,4656.0,0
2364,7055.0,0
2365,12903.0,0
2366,16639.0,0
2367,20585.0,0
2368,21833.0,0
2369,21453.0,0
2370,20023.0,0
2371,18790.0,0
2372,18382.0,0
2373,17956.0,0
2374,17477.0,0
2375,18590.0,0
2376,18409.0,0
2377,18020.0,0
2378,16950.0,0
2379,17826.0,0
2380,18105.0,0
2381,18187.0,0
2382,18565.0,0
2383,16454.0,0
2384,14355.0,0
2385,13109.0,0
2386,15924.0,0
2387,19175.0,0
2388,21521.0,0
2389,22762.0,0
2390,23889.0,0
2391,24408.0,0
2392,24501.0,0
2393,24316.0,0
2394,24362.0,0
2395,24032.0,0
2396,23174.0,0
2397,22453.0,0
2398,20964.0,0
2399,18142.0,0
2400,14466.0,0
2401,10771.0,0
2402,8100.0,0
2403,5976.0,0
2404,5000.0,0
2405,3727.0,0
2406,2984.0,0
2407,2584.0,0
2408,2591.0,0
2409,2253.0,0
2410,2489.0,0
2411,4419.0,0
2412,7014.0,0
2413,12470.0,0
2414,16549.0,0
2415,19879.0,0
2416,20437.0,0
2417,19549.0,0
2418,18639.0,0
2419,18683.0,0
2420,18486.0,0
2421,18014.0,0
2422,16720.0,0
2423,18570.0,0
2424,18309.0,0
2425,17294.0,0
2426,16699.0,0
2427,17819.0,0
2428,18227.0,0
2429,18586.0,0
2430,18078.0,0
2431,15656.0,0
2432,12989.0,0
2433,11740.0,0
2434,14934.0,0
2435,18494.0,0
2436,21215.0,0
2437,23643.0,0
2438,24623.0,0
2439,24564.0,0
2440,25305.0,0
2441,25039.0,0
2442,25351.0,0
2443,24526.0,0
2444,24739.0,0
2445,23638.0,0
2446,21861.0,0
2447,21500.0,0
2448,19838.0,0
2449,16307.0,0
2450,12324.0,0
2451,10006.0,0
2452,8077.0,0
2453,6355.0,0
2454,5091.0,0
2455,4247.0,0
2456,4440.0,0
2457,3089.0,0
2458,2930.0,0
2459,4782.0,0
2460,7250.0,0
2461,12167.0,0
2462,15235.0,0
2463,20053.0,0
2464,20654.0,0
2465,21158.0,0
2466,19863.0,0
2467,18775.0,0
2468,18346.0,0
2469,18645.0,0
2470,17986.0,0
2471,19070.0,0
2472,18901.0,0
2473,17585.0,0
2474,17309.0,0
2475,18226.0,0
2476,18788.0,0
2477,19103.0,0
2478,18261.0,0
2479,15945.0,0
2480,14181.0,0
2481,12992.0,0
2482,15847.0,0
2483,19426.0,0
2484,22514.0,0
2485,24457.0,0
2486,26156.0,0
2487,26677.0,0
2488,26217.0,0
2489,26289.0,0
2490,26370.0,0
2491,26344.0,0
2492,26736.0,0
2493,27093.0,0
2494,27569.0,0
2495,27064.0,0
2496,26220.0,0
2497,24289.0,0
2498,22849.0,0
2499,20731.0,0
2500,19081.0,0
2501,16573.0,0
2502,14188.0,0
2503,12213.0,0
2504,10145.0,0
2505,5902.0,0
2506,3983.0,0
2507,3556.0,0
2508,3651.0,0
2509,5153.0,0
2510,5379.0,0
2511,7174.0,0
2512,9070.0,0
2513,12114.0,0
2514,13665.0,0
2515,17463.0,0
2516,17209.0,0
2517,20299.0,0
2518,20255.0,0
2519,22981.0,0
2520,23368.0,0
2521,23444.0,0
2522,22610.0,0
2523,22258.0,0
2524,21160.0,0
2525,22960.0,0
2526,23007.0,0
2527,21145.0,0
2528,18440.0,0
2529,16028.0,0
2530,19101.0,0
2531,22361.0,0
2532,24256.0,0
2533,26410.0,0
2534,27377.0,0
2535,26255.0,0
2536,23977.0,0
2537,23565.0,0
2538,22703.0,0
2539,23078.0,0
2540,25755.0,0
2541,27028.0,0
2542,28126.0,0
2543,28472.0,0
2544,27424.0,0
2545,25493.0,0
2546,24876.0,0
2547,22639.0,0
2548,21013.0,0
2549,19100.0,0
2550,16662.0,0
2551,14489.0,0
2552,12023.0,0
2553,7069.0,0
2554,4453.0,0
2555,3483.0,0
2556,3479.0,0
2557,3968.0,0
2558,4092.0,0
2559,5877.0,0
2560,6845.0,0
2561,8283.0,0
2562,10231.0,0
2563,13189.0,0
2564,14458.0,0
2565,17284.0,0
2566,17800.0,0
2567,19509.0,0
2568,20547.0,0
2569,20211.0,0
2570,20041.0,0
2571,19619.0,0
2572,19947.0,0
2573,19844.0,0
2574,19088.0,0
2575,19237.0,0
2576,18316.0,0
2577,16996.0,0
2578,18134.0,0
2579,19633.0,0
2580,20204.0,0
2581,19810.0,0
2582,17925.0,0
2583,16938.0,0
2584,15096.0,0
2585,15539.0,0
2586,14806.0,0
2587,15035.0,0
2588,13285.0,0
2589,12090.0,0
2590,10552.0,0
2591,9136.0,0
2592,8106.0,0
2593,7020.0,0
2594,5562.0,0
2595,3917.0,0
2596,3592.0,0
2597,2637.0,0
2598,2031.0,0
2599,1900.0,0
2600,2172.0,0
2601,2008.0,0
2602,2546.0,0
2603,4409.0,0
2604,7269.0,0
2605,11863.0,0
2606,14244.0,0
2607,17238.0,0
2608,18382.0,0
2609,17940.0,0
2610,17447.0,0
2611,16773.0,0
2612,15319.0,0
2613,15867.0,0
2614,15751.0,0
2615,17462.0,0
2616,16292.0,0
2617,16317.0,0
2618,16104.0,0
2619,16967.0,0
2620,17035.0,0
2621,17976.0,0
2622,18230.0,0
2623,16521.0,0
2624,14887.0,0
2625,13707.0,0
2626,16596.0,0
2627,18683.0,0
2628,20289.0,0
2629,21377.0,0
2630,21962.0,0
2631,21126.0,0
2632,20531.0,0
2633,19217.0,0
2634,19353.0,0
2635,19109.0,0
2636,18814.0,0
2637,17036.0,0
2638,14147.0,0
2639,11595.0,0
2640,10091.0,0
2641,7575.0,0
2642,5977.0,0
2643,4705.0,0
2644,3796.0,0
2645,2894.0,0
2646,2471.0,0
2647,2115.0,0
2648,2474.0,0
2649,2285.0,0
2650,2538.0,0
2651,4380.0,0
2652,6537.0,0
2653,11238.0,0
2654,14764.0,0
2655,18187.0,0
2656,18885.0,0
2657,19188.0,0
2658,18398.0,0
2659,18057.0,0
2660,16899.0,0
2661,17137.0,0
2662,16203.0,0
2663,17742.0,0
2664,17843.0,0
2665,17866.0,0
2666,17548.0,0
2667,18306.0,0
2668,18577.0,0
2669,18506.0,0
2670,18691.0,0
2671,15729.0,0
2672,13396.0,0
2673,11923.0,0
2674,14463.0,0
2675,17026.0,0
2676,19078.0,0
2677,20439.0,0
2678,20776.0,0
2679,20941.0,0
2680,20209.0,0
2681,19987.0,0
2682,19952.0,0
2683,19234.0,0
2684,18455.0,0
2685,18097.0,0
2686,17461.0,0
2687,16002.0,0
2688,13400.0,0
2689,10978.0,0
2690,8613.0,0
2691,6446.0,0
2692,5205.0,0
2693,4118.0,0
2694,3510.0,0
2695,3249.0,0
2696,3698.0,0
2697,3584.0,0
2698,3622.0,0
2699,4987.0,0
2700,7213.0,0
2701,10827.0,0
2702,14141.0,0
2703,16965.0,0
2704,19391.0,0
2705,19557.0,0
2706,19067.0,0
2707,18807.0,0
2708,18232.0,0
2709,18999.0,0
2710,18896.0,0
2711,19764.0,0
2712,20227.0,0
2713,19602.0,0
2714,20456.0,0
2715,19580.0,0
2716,19156.0,0
2717,19572.0,0
2718,18925.0,0
2719,17545.0,0
2720,15465.0,0
2721,14104.0,0
2722,16996.0,0
2723,20113.0,0
2724,21015.0,0
2725,21580.0,0
2726,22501.0,0
2727,21159.0,0
2728,18991.0,0
2729,18046.0,0
2730,18300.0,0
2731,18538.0,0
2732,17170.0,0
2733,17081.0,0
2734,15613.0,0
2735,13718.0,0
2736,13522.0,0
2737,11323.0,0
2738,10315.0,0
2739,8870.0,0
2740,8150.0,0
2741,7209.0,0
2742,6018.0,0
2743,5819.0,0
2744,5291.0,0
2745,4127.0,0
2746,3540.0,0
2747,3715.0,0
2748,4613.0,0
2749,5500.0,0
2750,5955.0,0
2751,6512.0,0
2752,7076.0,0
2753,7813.0,0
2754,8365.0,0
2755,9013.0,0
2756,9695.0,0
2757,11389.0,0
2758,12701.0,0
2759,13400.0,0
2760,13282.0,0
2761,13542.0,0
2762,13538.0,0
2763,13663.0,0
2764,13980.0,0
2765,14673.0,0
2766,14614.0,0
2767,15255.0,0
2768,13560.0,0
2769,13120.0,0
2770,13273.0,0
2771,13334.0,0
2772,12930.0,0
2773,13683.0,0
2774,13682.0,0
2775,14106.0,0
2776,14088.0,0
2777,14417.0,0
2778,15187.0,0
2779,15280.0,0
2780,15654.0,0
2781,13989.0,0
2782,12592.0,0
2783,11811.0,0
2784,9653.0,0
2785,7791.0,0
2786,6862.0,0
2787,5644.0,0
2788,4639.0,0
2789,3673.0,0
2790,2945.0,0
2791,2875.0,0
2792,2883.0,0
2793,2165.0,0
2794,1902.0,0
2795,2226.0,0
2796,2870.0,0
2797,4313.0,0
2798,4936.0,0
2799,6240.0,0
2800,7376.0,0
2801,8850.0,0
2802,9864.0,0
2803,10863.0,0
2804,11900.0,0
2805,12969.0,0
2806,14045.0,0
2807,15281.0,0
2808,16153.0,0
2809,17025.0,0
2810,17596.0,0
2811,18437.0,0
2812,17777.0,0
2813,18774.0,0
2814,18868.0,0
2815,19046.0,0
2816,17706.0,0
2817,16591.0,0
2818,18951.0,0
2819,20519.0,0
2820,20626.0,0
2821,21227.0,0
2822,22716.0,0
2823,21044.0,0
2824,18862.0,0
2825,18821.0,0
2826,18485.0,0
2827,18416.0,0
2828,19806.0,0
2829,19671.0,0
2830,19234.0,0
2831,17725.0,0
2832,16089.0,0
2833,14561.0,0
2834,13292.0,0
2835,12000.0,0
2836,10967.0,0
2837,9747.0,0
2838,8556.0,0
2839,8342.0,0
2840,7178.0,0
2841,4441.0,0
2842,2747.0,0
2843,2489.0,0
2844,2283.0,0
2845,3109.0,0
2846,3380.0,0
2847,4628.0,0
2848,5291.0,0
2849,7405.0,0
2850,9044.0,0
2851,11193.0,0
2852,12541.0,0
2853,15281.0,0
2854,15551.0,0
2855,17665.0,0
2856,18499.0,0
2857,18680.0,0
2858,19621.0,0
2859,19830.0,0
2860,19187.0,0
2861,19999.0,0
2862,19722.0,0
2863,20600.0,0
2864,19125.0,0
2865,16658.0,0
2866,18684.0,0
2867,20891.0,0
2868,21554.0,0
2869,22678.0,0
2870,24055.0,0
2871,23418.0,0
2872,20196.0,0
2873,19676.0,0
2874,19566.0,0
2875,19272.0,0
2876,20686.0,0
2877,21659.0,0
2878,21154.0,0
2879,21170.0,0
2880,20149.0,0
2881,18555.0,0
2882,17768.0,0
2883,15608.0,0
2884,14966.0,0
2885,13074.0,0
2886,11332.0,0
2887,9965.0,0
2888,9167.0,0
2889,5520.0,0
2890,3812.0,0
2891,3123.0,0
2892,3103.0,0
2893,3777.0,0
2894,3699.0,0
2895,4968.0,0
2896,5630.0,0
2897,7422.0,0
2898,9123.0,0
2899,10981.0,0
2900,12227.0,0
2901,15247.0,0
2902,14970.0,0
2903,16912.0,0
2904,17420.0,0
2905,18336.0,0
2906,18091.0,0
2907,17841.0,0
2908,18946.0,0
2909,19156.0,0
2910,18159.0,0
2911,17805.0,0
2912,16838.0,0
2913,15906.0,0
2914,16917.0,0
2915,17670.0,0
2916,17941.0,0
2917,18093.0,0
2918,17587.0,0
2919,16867.0,0
2920,15693.0,0
2921,15342.0,0
2922,13821.0,0
2923,14083.0,0
2924,13714.0,0
2925,12119.0,0
2926,9904.0,0
2927,8970.0,0
2928,7706.0,0
2929,5494.0,1
2930,4249.0,0
2931,2891.0,0
2932,2632.0,0
2933,2192.0,0
2934,1648.0,0
2935,1639.0,0
2936,1913.0,0
2937,2142.0,0
2938,2909.0,0
2939,4587.0,0
2940,7235.0,0
2941,11448.0,0
2942,14106.0,0
2943,17184.0,0
2944,18306.0,0
2945,18746.0,0
2946,17914.0,0
2947,16699.0,0
2948,15681.0,0
2949,15210.0,0
2950,14532.0,0
2951,15985.0,0
2952,16226.0,0
2953,16000.0,0
2954,15641.0,0
2955,16373.0,0
2956,16830.0,0
2957,17470.0,0
2958,18131.0,0
2959,16870.0,0
2960,15192.0,0
2961,14453.0,0
2962,17382.0,0
2963,19815.0,0
2964,21750.0,0
2965,22217.0,0
2966,21813.0,0
2967,21536.0,0
2968,22541.0,0
2969,21329.0,0
2970,20165.0,0
2971,19498.0,0
2972,19355.0,0
2973,16691.0,0
2974,14387.0,0
2975,12101.0,0
2976,9805.0,0
2977,7121.0,0
2978,5019.0,0
2979,3822.0,0
2980,3268.0,0
2981,2261.0,0
2982,1853.0,0
2983,1722.0,0
2984,2077.0,0
2985,1988.0,0
2986,2296.0,0
2987,4537.0,0
2988,6661.0,0
2989,11901.0,0
2990,15501.0,0
2991,19573.0,0
2992,20896.0,0
2993,21051.0,0
2994,19670.0,0
2995,18654.0,0
2996,17108.0,0
2997,17553.0,0
2998,16232.0,0
2999,17534.0,0
3000,17697.0,0
3001,19165.0,0
3002,18916.0,0
3003,19543.0,0
3004,18570.0,0
3005,19043.0,0
3006,18343.0,0
3007,16666.0,0
3008,14050.0,0
3009,12845.0,0
3010,16111.0,0
3011,19112.0,0
3012,21205.0,0
3013,22337.0,0
3014,23340.0,0
3015,23082.0,0
3016,23718.0,0
3017,22936.0,0
3018,23466.0,0
3019,23387.0,0
3020,22893.0,0
3021,20923.0,0
3022,18684.0,0
3023,14962.0,0
3024,12558.0,0
3025,8876.0,0
3026,6626.0,0
3027,4926.0,0
3028,4046.0,0
3029,3168.0,0
3030,2692.0,0
3031,2237.0,0
3032,2384.0,0
3033,2109.0,0
3034,2403.0,0
3035,4250.0,0
3036,6529.0,0
3037,12185.0,0
3038,16016.0,0
3039,19504.0,0
3040,20925.0,0
3041,20891.0,0
3042,20047.0,0
3043,19138.0,0
3044,18431.0,0
3045,16960.0,0
3046,16426.0,0
3047,18092.0,0
3048,19190.0,0
3049,18957.0,0
3050,18288.0,0
3051,18843.0,0
3052,19003.0,0
3053,18193.0,0
3054,17260.0,0
3055,15103.0,0
3056,12941.0,0
3057,11797.0,0
3058,15545.0,0
3059,17938.0,0
3060,20693.0,0
3061,21585.0,0
3062,21689.0,0
3063,21995.0,0
3064,22096.0,0
3065,22115.0,0
3066,21860.0,0
3067,22041.0,0
3068,21680.0,0
3069,21378.0,0
3070,20295.0,0
3071,18176.0,0
3072,14846.0,0
3073,11480.0,0
3074,8939.0,0
3075,6679.0,0
3076,5175.0,0
3077,3800.0,0
3078,3135.0,0
3079,2671.0,0
3080,2843.0,0
3081,2476.0,0
3082,2670.0,0
3083,4521.0,0
3084,6841.0,0
3085,12178.0,0
3086,15916.0,0
3087,19872.0,0
3088,20957.0,0
3089,20358.0,0
3090,19717.0,0
3091,18943.0,0
3092,18082.0,0
3093,18560.0,0
3094,17316.0,0
3095,18817.0,0
3096,18439.0,0
3097,17771.0,0
3098,17214.0,0
3099,17836.0,0
3100,18676.0,0
3101,19241.0,0
3102,19068.0,0
3103,16567.0,0
3104,14529.0,0
3105,12862.0,0
3106,16086.0,0
3107,19221.0,0
3108,21408.0,0
3109,23385.0,0
3110,23604.0,0
3111,23384.0,0
3112,23209.0,0
3113,22592.0,0
3114,23164.0,0
3115,23638.0,0
3116,23192.0,0
3117,22417.0,0
3118,22630.0,0
3119,21278.0,0
3120,19300.0,0
3121,16241.0,0
3122,12966.0,0
3123,10322.0,0
3124,8160.0,0
3125,6611.0,0
3126,5410.0,0
3127,4453.0,0
3128,4287.0,0
3129,3250.0,0
3130,3396.0,0
3131,4846.0,0
3132,7090.0,0
3133,11832.0,0
3134,15506.0,0
3135,20211.0,0
3136,21053.0,0
3137,20635.0,0
3138,20128.0,0
3139,18838.0,0
3140,17936.0,0
3141,18210.0,0
3142,17653.0,0
3143,18847.0,0
3144,18814.0,0
3145,17478.0,0
3146,18029.0,0
3147,18953.0,0
3148,19684.0,0
3149,19747.0,0
3150,18464.0,0
3151,16396.0,0
3152,14436.0,0
3153,13461.0,0
3154,17047.0,0
3155,20614.0,0
3156,23322.0,0
3157,25791.0,0
3158,26650.0,0
3159,26971.0,0
3160,26688.0,0
3161,25508.0,0
3162,26284.0,0
3163,26978.0,0
3164,26983.0,0
3165,25438.0,0
3166,24914.0,0
3167,24165.0,0
3168,22925.0,0
3169,22187.0,0
3170,21493.0,0
3171,19021.0,0
3172,18009.0,0
3173,15786.0,0
3174,13114.0,0
3175,10541.0,0
3176,9296.0,0
3177,5388.0,0
3178,3578.0,0
3179,3205.0,0
3180,3427.0,0
3181,4666.0,0
3182,5262.0,0
3183,7841.0,0
3184,8786.0,0
3185,11893.0,0
3186,12849.0,0
3187,16411.0,0
3188,16917.0,0
3189,19706.0,0
3190,22924.0,0
3191,26224.0,0
3192,25548.0,0
3193,24376.0,0
3194,24464.0,0
3195,23825.0,0
3196,24235.0,0
3197,24001.0,0
3198,23877.0,0
3199,21761.0,0
3200,18277.0,0
3201,15670.0,0
3202,18411.0,0
3203,21332.0,0
3204,23306.0,0
3205,24856.0,0
3206,25798.0,0
3207,25274.0,0
3208,25158.0,0
3209,24164.0,0
3210,23771.0,0
3211,24363.0,0
3212,25705.0,0
3213,26429.0,0
3214,27272.0,0
3215,27636.0,0
3216,26695.0,0
3217,25626.0,0
3218,24285.0,0
3219,22249.0,0
3220,20741.0,0
3221,18554.0,0
3222,15770.0,0
3223,13976.0,0
3224,11368.0,0
3225,6531.0,0
3226,3929.0,0
3227,3236.0,0
3228,3177.0,0
3229,3757.0,0
3230,4042.0,0
3231,5401.0,0
3232,6483.0,0
3233,9264.0,0
3234,11497.0,0
3235,14585.0,0
3236,16159.0,0
3237,20205.0,0
3238,21146.0,0
3239,22387.0,0
3240,23081.0,0
3241,23163.0,0
3242,22660.0,0
3243,22127.0,0
3244,22237.0,0
3245,22193.0,0
3246,21252.0,0
3247,20818.0,0
3248,19110.0,0
3249,17255.0,0
3250,18368.0,0
3251,20327.0,0
3252,21411.0,0
3253,21379.0,0
3254,21735.0,0
3255,20031.0,0
3256,18305.0,0
3257,17961.0,0
3258,17334.0,0
3259,17401.0,0
3260,17020.0,0
3261,14661.0,0
3262,12367.0,0
3263,10891.0,0
3264,8141.0,0
3265,6411.0,0
3266,4762.0,0
3267,3616.0,0
3268,3130.0,0
3269,2273.0,0
3270,2031.0,0
3271,1788.0,0
3272,2203.0,0
3273,2270.0,0
3274,2727.0,0
3275,4686.0,0
3276,6827.0,0
3277,11984.0,0
3278,14644.0,0
3279,18338.0,0
3280,19590.0,0
3281,19762.0,0
3282,19372.0,0
3283,18754.0,0
3284,17736.0,0
3285,17624.0,0
3286,16856.0,0
3287,18005.0,0
3288,18028.0,0
3289,17733.0,0
3290,17678.0,0
3291,18275.0,0
3292,18070.0,0
3293,19038.0,0
3294,18998.0,0
3295,16932.0,0
3296,15201.0,0
3297,14426.0,0
3298,16942.0,0
3299,19768.0,0
3300,21911.0,0
3301,22917.0,0
3302,23371.0,0
3303,23343.0,0
3304,22358.0,0
3305,22302.0,0
3306,22712.0,0
3307,22329.0,0
3308,21979.0,0
3309,19387.0,0
3310,17494.0,0
3311,13745.0,0
3312,11339.0,0
3313,8699.0,0
3314,6796.0,0
3315,5236.0,0
3316,3800.0,0
3317,3042.0,0
3318,2532.0,0
3319,2258.0,0
3320,2212.0,0
3321,2135.0,0
3322,2592.0,0
3323,4617.0,0
3324,8006.0,0
3325,13619.0,0
3326,16700.0,0
3327,19651.0,0
3328,20630.0,0
3329,21217.0,0
3330,19857.0,0
3331,18753.0,0
3332,17813.0,0
3333,17833.0,0
3334,17164.0,0
3335,18181.0,0
3336,17482.0,0
3337,15676.0,0
3338,16018.0,0
3339,17066.0,0
3340,17654.0,0
3341,17696.0,0
3342,16781.0,0
3343,14189.0,0
3344,12461.0,0
3345,12252.0,0
3346,15431.0,0
3347,18137.0,0
3348,20649.0,0
3349,21989.0,0
3350,22350.0,0
3351,22177.0,0
3352,22991.0,0
3353,22128.0,0
3354,23207.0,0
3355,23091.0,0
3356,22616.0,0
3357,21118.0,0
3358,19301.0,0
3359,16789.0,0
3360,14252.0,0
3361,10138.0,0
3362,7847.0,0
3363,5782.0,0
3364,4951.0,0
3365,3696.0,0
3366,2833.0,0
3367,2375.0,0
3368,2533.0,0
3369,2423.0,0
3370,2512.0,0
3371,4337.0,0
3372,6721.0,0
3373,11812.0,0
3374,16054.0,0
3375,19337.0,0
3376,21348.0,0
3377,21167.0,0
3378,20051.0,0
3379,18809.0,0
3380,17812.0,0
3381,17889.0,0
3382,17482.0,0
3383,18775.0,0
3384,18351.0,0
3385,17604.0,0
3386,17729.0,0
3387,17499.0,0
3388,17558.0,0
3389,18070.0,0
3390,17422.0,0
3391,14666.0,0
3392,12252.0,0
3393,11174.0,0
3394,13853.0,0
3395,16962.0,0
3396,19708.0,0
3397,20764.0,0
3398,21802.0,0
3399,22239.0,0
3400,22169.0,0
3401,23923.0,0
3402,24403.0,0
3403,24211.0,0
3404,23439.0,0
3405,23394.0,0
3406,21701.0,0
3407,19727.0,0
3408,17270.0,0
3409,13379.0,0
3410,10314.0,0
3411,7470.0,0
3412,6039.0,0
3413,4322.0,0
3414,3461.0,0
3415,2872.0,0
3416,2854.0,0
3417,2422.0,0
3418,2578.0,0
3419,4513.0,0
3420,6672.0,0
3421,12358.0,0
3422,15790.0,0
3423,19441.0,0
3424,20920.0,0
3425,20665.0,0
3426,19708.0,0
3427,20066.0,0
3428,18424.0,0
3429,18403.0,0
3430,17621.0,0
3431,18994.0,0
3432,18845.0,0
3433,17937.0,0
3434,17974.0,0
3435,18671.0,0
3436,19082.0,0
3437,20224.0,0
3438,18966.0,0
3439,16165.0,0
3440,14013.0,0
3441,12246.0,0
3442,15021.0,0
3443,18834.0,0
3444,21115.0,0
3445,22746.0,0
3446,23679.0,0
3447,23992.0,0
3448,23597.0,0
3449,23581.0,0
3450,24093.0,0
3451,24130.0,0
3452,24027.0,0
3453,23575.0,0
3454,22502.0,0
3455,22049.0,0
3456,20667.0,0
3457,19265.0,0
3458,16192.0,0
3459,12814.0,0
3460,10410.0,0
3461,8218.0,0
3462,6335.0,0
3463,5377.0,0
3464,4659.0,0
3465,3597.0,0
3466,3208.0,0
3467,4698.0,0
3468,6900.0,0
3469,12308.0,0
3470,15444.0,0
3471,19511.0,0
3472,20489.0,0
3473,20834.0,0
3474,19854.0,0
3475,18687.0,0
3476,18014.0,0
3477,18564.0,0
3478,18237.0,0
3479,18916.0,0
3480,18244.0,0
3481,16850.0,0
3482,17845.0,0
3483,18162.0,0
3484,19043.0,0
3485,19128.0,0
3486,18287.0,0
3487,15667.0,0
3488,13938.0,0
3489,12626.0,0
3490,15807.0,0
3491,19375.0,0
3492,21905.0,0
3493,24008.0,0
3494,25410.0,0
3495,25568.0,0
3496,24888.0,0
3497,25190.0,0
3498,25350.0,0
3499,25927.0,0
3500,26737.0,0
3501,26771.0,0
3502,26180.0,0
3503,25739.0,0
3504,24743.0,0
3505,24285.0,0
3506,22826.0,0
3507,21266.0,0
3508,19907.0,0
3509,17053.0,0
3510,14423.0,0
3511,12363.0,0
3512,10600.0,0
3513,6501.0,0
3514,4211.0,0
3515,3425.0,0
3516,3475.0,0
3517,5132.0,0
3518,4986.0,0
3519,7716.0,0
3520,8873.0,0
3521,12361.0,0
3522,13217.0,0
3523,17706.0,0
3524,19199.0,0
3525,21605.0,0
3526,22106.0,0
3527,23452.0,0
3528,24095.0,0
3529,24114.0,0
3530,24368.0,0
3531,23648.0,0
3532,22929.0,0
3533,22531.0,0
3534,21489.0,0
3535,19081.0,0
3536,15734.0,0
3537,13140.0,0
3538,15041.0,0
3539,17961.0,0
3540,20757.0,0
3541,22233.0,0
3542,23550.0,0
3543,24311.0,0
3544,24320.0,0
3545,23465.0,0
3546,24125.0,0
3547,24696.0,0
3548,24848.0,0
3549,25952.0,0
3550,26481.0,0
3551,26376.0,0
3552,26065.0,0
3553,25745.0,0
3554,24053.0,0
3555,22288.0,0
3556,21263.0,0
3557,18637.0,0
3558,16106.0,0
3559,13609.0,0
3560,11786.0,0
3561,6978.0,0
3562,4468.0,0
3563,3728.0,0
3564,3611.0,0
3565,3909.0,0
3566,4139.0,0
3567,5583.0,0
3568,6831.0,0
3569,8929.0,0
3570,10358.0,0
3571,14261.0,0
3572,16254.0,0
3573,19993.0,0
3574,20203.0,0
3575,21630.0,0
3576,22210.0,0
3577,22458.0,0
3578,21793.0,0
3579,21177.0,0
3580,20831.0,0
3581,20577.0,0
3582,20293.0,0
3583,18839.0,0
3584,17406.0,0
3585,15292.0,0
3586,16443.0,0
3587,17727.0,0
3588,18988.0,0
3589,19533.0,0
3590,19548.0,0
3591,18055.0,0
3592,17006.0,0
3593,16671.0,0
3594,16007.0,0
3595,16344.0,0
3596,15913.0,0
3597,14327.0,0
3598,12060.0,0
3599,10952.0,0
